1003475;Critical42 Pty Ltd;4;;;www.critical42.com.au;www.se.com;9 Kardier Mews;6056;Perth;;australia;
1003480;CZ Property Group;4;;;;www.se.com;1 Norwich Pl;3106;TEMPLESTOWE;Victoria;australia;
1003486;Data 3 Ltd - Kent Town;4;;;www.data3.com;www.se.com;84 North Terrace;5067;Kent Town;;australia;
1003489;Datacom Systems ACT;4;;;;www.se.com;Civic Quarter, Level 1, 68 Northbourne Ave, Canberra ACT;2600;Canberra;Australian Capital Territory;australia;
1003491;Datavoice Communications Cowra;4;;;www.datavoicecommunications.com.au;www.se.com;Po Box 423;2794;Cowra;New South Wales;australia;
1003493;DEC Services Pty Ltd;4;;;;www.se.com;37 Mariners View;6030;Mindarie;Western Australia;australia;
1003496;Advam Trading as Equard;4;;;www.equard.com;www.se.com;L 2 26 Franklin St;5000;Adelaide;South Australia;australia;
1003498;Desa Australia Pty Ltd - Osborne Park;4;;;;www.se.com;U1 6 Leeway Court;;Osborne Park;;australia;
1003522;Enlighten Power Pty Ltd;4;;;;www.se.com;2 Burcote St;3130;Blackburn North;Victoria;australia;
1003524;Erbas and Associates Pty Ltd - Sydney;4;;;;www.se.com;L1 15 Atchison St;2065;St Leonards;New South Wales;australia;
1003529;Advantage Communication and Data;4;;;;www.se.com;Unit 6, 26 - 30 Stenhouse Drive;2285;Cameron Park;New South Wales;australia;
1003539;Forum Group Pty Ltd;4;;;https://www.forumgroup.com.au/;www.se.com;Suite 1, 28 Belmont Avenue;6103;Rivervale;Western Australia;australia;
1003562;AJC Electrical Service Pty Ltd Northgate;4;;;;www.se.com;7-9 Hungerford St;4013;Northgate;Queensland;australia;
1003566;Hewlett-Packard Australia Pty Ltd - Rhodes;4;;;;www.se.com;29-33 Marquet St;2138;Rhodes;New South Wales;australia;
1003568;Hylec Electrical;4;;;;www.se.com;13 Moresby St;3167;South Oakleigh;Victoria;australia;
1003583;Interlinked;4;;;www.interlinked.com.au;www.se.com;L7 51 Pitt St;2000;Sydney;New South Wales;australia;
1003587;Iocane Pty Ltd;4;;;;www.se.com;L 4;;Adelaide;;australia;
1003605;Ks Computer Technology Pty Ltd;4;;;www.ksonline.com.au;www.se.com;318 Parramatta Rd;2048;Stanmore;;australia;
1003611;LAN Installations Pty Ltd;4;;;;www.se.com;23 Penelope Cresent;2148;Arndell Park;New South Wales;australia;
1003623;Limelight Electrical Services;4;;;;www.se.com;41 Old Forest Rd;3154;Thebasin;Victoria;australia;
1003626;Logicamms Central Pty Ltd;4;;;;www.se.com;Cnr King William St & South Tce;5000;Adelaide;South Australia;australia;
1003628;Mach Technology;4;;;www.mach.com.au;www.se.com;Suite 1 L1 130 Commercial Rd;4005;Teneriffe;Queensland;australia;
1003636;MBO Electrical;4;;;;www.se.com;7 Ryle Pl;2615;Flynn;Australian Capital Territory;australia;
1003637;McKechnie & Gillespie Pty Ltd;4;;;;www.se.com;49 Sackville St;3066;Collingwood;Victoria;australia;
1003638;MDE Group Balmain;4;;;;www.se.com;18 15 Meadow Way;2019;Banksmeadow;New South Wales;australia;
1003639;Mediaform Computer Supplies;4;;;;www.se.com;U3 3-5 gibbon rd;2153;Seven Hills;New South Wales;australia;
1003640;AMH Consulting Group;4;;;www.amhconsulting-group.com;www.se.com;44 Chocolate Lilly Street;3076;Epping;Victoria;australia;
1003641;Mediaform Pty Ltd;4;;;;www.se.com;3/3-5 Gibbon Road;2153;Winston Hills;New South Wales;australia;
1003642;Meharg Electrical Pty. Ltd.;4;;;;www.se.com;PO Box 83;2529;Oak Flats;New South Wales;australia;
1003668;Namadgi Services;4;;;;www.se.com;PO Box 6200;2906;Conder;Australian Capital Territory;australia;
1003678;NEXION Networks;4;;;;www.se.com;Level 2 Building C;;Perth;;australia;
1003681;No Hassall's;4;;;;www.se.com;15 Connaught Court;0830;Palmerston;Northern Territory;australia;
1003686;NRG Services;4;;;;www.se.com;275 Mcdougall St;4350;Toowoomba;Queensland;australia;
1003694;Oâ€™Brien Electrical Dromana;4;;;;www.se.com;Factory 2 32 Collins Rd;3936;Dromana;Victoria;australia;
1003695;360 Engineering Pty Ltd;4;;;www.360engineering.com.au;www.se.com;Suite C Building 32 Suakin Dr;2088;Mosman;New South Wales;australia;
1003697;P & C Grigarius Pty Ltd;4;;;;www.se.com;PO Box 47;3825;Newborough;Victoria;australia;
1003698;P Brumby & Associates Pty Ltd;4;;;;www.se.com;85 Frankland St;7250;Launceston;Tasmania;australia;
1003703;Pacific Datacom - Garbutt;4;;;;www.se.com;U4 70 Pilkington St;;Garbutt;Queensland;australia;
1003712;Platinum Electricans Castle Hill;4;;;;www.se.com;PO Box 125;2155;Kellyville;New South Wales;australia;
1003724;Project Lighting Orange;4;;;;www.se.com;84-86 Endsleigh Ave;2800;Orange;New South Wales;australia;
1003725;PSQ Group;4;;;;www.se.com;L2, 200 Adelaide Terrace;6000;Perth;Western Australia;australia;
1003726;PY Electrics;4;;;;www.se.com;8 Spear St;3995;Cape Paterson;Victoria;australia;
1003728;Queensland Electrical Pty Ltd;4;;;;www.se.com;U3 170 North Rd;4114;Woodridge;Queensland;australia;
1003729;Audio Systems Logic;4;;;;www.se.com;9 Sarah Street;2020;Mascot;New South Wales;australia;
1003732;Radio Terminal Systems Pty Ltd;4;;;;www.se.com;1 Floor108 Dohertys Rd;3026;Laverton North;Victoria;australia;
1003740;Auscott Electrical Contractors;4;;;;www.se.com;11 Blackburn St;3862;Stratford;Victoria;australia;
1003751;AVE Technologies Pty Ltd;4;;;;www.se.com;8/28-32 Enterprise Cres;2333;Muswellbrook;New South Wales;australia;
1003760;Slaney Enterprises;4;;;;www.se.com;12 Gray Court;3193;Beaumaris;Victoria;australia;
1003764;Solista Pty Ltd;4;;;www.solista.com.au;www.se.com;12/234 George Street;2000;Sydney;New South Wales;australia;
1003766;Sonar Technologies Australia P/L;4;;;;www.se.com;Level 2, Building 3, 35-41 Waterloo Road;2113;Macquarie Park;New South Wales;australia;
1003776;Stowe Australia South Melbourne;4;;;;www.se.com;67-69 Buckhurst St;3205;South Melbourne;Victoria;australia;
1003782;Tad-Mar Electrical Pty Ltd;4;;;;www.se.com;8 Dundee Ave;5088;Holden Hill;South Australia;australia;
1003789;Technologies 2000 (Aust) Pty Ltd;4;;;;www.se.com;U10 37 Keilor Park Dr;3042;Keilor Park;;australia;
1003796;Teletronics;4;;;;www.se.com;Unit 1;;Wangara;;australia;
1003800;Telstra Business Centre Melbourne West;4;;;;www.se.com;Suite C4, Point Cook Town Centre 2 Main Street;3030;Point Cook;Victoria;australia;
1003802;Tesch Electrics P/L;4;;;;www.se.com;19 Adro Ave;3193;East Brighton;Victoria;australia;
1003803;The IT Department;4;;;;www.se.com;15 Ceylon St;3131;Nunawading;;australia;
1003810;TJS IT Solutions;4;;;www.tjsitsolutions.techology;www.se.com;4 Mulwala Close;2340;Tamworth;New South Wales;australia;
1003814;Total Electrical & Data Services Pty Ltd;4;;;;www.se.com;21 Crown St;2340;Tamworth;New South Wales;australia;
1003819;Tronic Group Pty Ltd;4;;;;www.se.com;19 Bradley Street;2835;Cobar;New South Wales;australia;
1003821;U S Electroserve;4;;;;www.se.com;6 Pinnacle Dr;3064;Craigieburn;Victoria;australia;
1003825;Unlimited IT;4;;;;www.se.com;458 Kingsford Smith Dr;4007;Hamilton;Queensland;australia;
1003843;Waysea Pty Ltd;4;;;;www.se.com;28 Dennis Cres;2431;South West Rocks;New South Wales;australia;
1003851;Azentro;4;;;www.azentro.com.au;www.se.com;3 42 Cavendish Rd;4151;Coorparoo;;australia;
1003852;WWT Australia;4;;;www.wwt.com;www.se.com;PO BOX 248 COLLINS STREET WEST MELBOURNE;80007;Melbourne;;australia;
1003857;BCM Electric;4;;;;www.se.com;8 Stephensdale Drive;7250;Riverside;Tasmania;australia;
1003859;A Grade Electrical;4;;;;www.se.com;PO Box 7101;4500;Brendale;Queensland;australia;
1003860;Beach Energy;4;;;;www.se.com;23 Railway Ave;5155;Bridgewater;South Australia;australia;
1003861;Bego Enterprises;4;;;;www.se.com;7 PIAGGIO Court;6053;BAYSWATER;;australia;
1003874;Bourke Electrical Services;4;;;;www.se.com;4 129 Burdett St;2076;Wahroonga;New South Wales;australia;
1003882;Cdi Electrics;4;;;;www.se.com;1202 30 the circus blvd;6100;Burswood;Western Australia;australia;
1003889;Charge Rite Electrical;4;;;;www.se.com;11A;4561;Yandina;Queensland;australia;
