1012081;Brdr. A&O Johansen A/S;4;;;www.ao.dk;www.se.com;Ove Gjeddes Vej 18;5220;Odense SOE;;denmark;
1012083;Brdr. A&O Johansen A/S;4;;;www.ao.dk;www.se.com;Industrivej 40 B;4000;Roskilde;;denmark;
1012089;Brdr. A&O Johansen A/S;4;;;www.ao.dk;www.se.com;Englandsvej 360;2770;Kastrup;;denmark;
1012095;Brdr. A&O Johansen A/S;4;;;www.ao.dk;www.se.com;Finsensvej 86;2000;Frederiksberg;;denmark;
1012099;Brdr. A&O Johansen A/S;4;;;www.ao.dk;www.se.com;Japanvej 16;4200;Slagelse;;denmark;
1012105;Brdr. A&O Johansen A/S;4;;;www.ao.dk;www.se.com;Firskovvej 25;2800;Kongens Lyngby;;denmark;
1012112;Brdr. A&O Johansen A/S;4;;;www.ao.dk;www.se.com;Centervej 44;3600;Frederikssund;;denmark;
1012115;Brdr. A&O Johansen A/S;4;;;www.ao.dk;www.se.com;Allegade 40;8700;Horsens;;denmark;
1012116;Brdr. A&O Johansen A/S;4;;;www.ao.dk;www.se.com;Tempovej 27;2750;Ballerup;;denmark;
1012118;Brdr. A&O Johansen A/S;4;;;www.ao.dk;www.se.com;Jens Juuls Vej 7;8260;Viby J;;denmark;
1012119;Brdr. A&O Johansen A/S HEADOFFICE;4;;;www.ao.dk;www.se.com;Roervang 1-3;2620;Albertslund;;denmark;
1012123;Lemvigh-Müller - HEADOFFICE;4;;;lemu.dk;www.se.com;Stationsalleén 40;2730;Herlev;;denmark;
1012133;Lemvigh-Müller A/S;4;;;www.lemu.dk;www.se.com;Groenlandsvej 9M;8700;Horsens;;denmark;
1012136;Lemvigh-Müller A/S;4;;;www.lemu.dk;www.se.com;Haandvaerkervej 6;9000;Aalborg;;denmark;
1012137;Brdr. A&O Johansen A/S;4;;;www.ao.dk;www.se.com;Rugmarken 35 E;3520;Farum;;denmark;
1012139;Lemvigh-Müller A/S;4;;;www.lemu.dk;www.se.com;Kongstedvej 1;4200;Slagelse;;denmark;
1012143;Lemvigh-Müller A/S;4;;;www.lemu.dk;www.se.com;Lerchenborgvej 59;4400;Kalundborg;;denmark;
1012146;Solar A/S;4;;;www.solar.dk;www.se.com;Sivlandvaenget 1;5260;Odense S;;denmark;
1012147;Solar A/S;4;;;www.solar.dk;www.se.com;Soeren Frichsvej 50;8230;Aabyhoej;;denmark;
1012150;Solar A/S;4;;;www.solar.dk;www.se.com;Bispevej 3;2400;Koebenhavn NV;;denmark;
1012151;Solar A/S;4;;;www.solar.dk;www.se.com;Niels Bohrs Vej 2;7100;Vejle;;denmark;
1012152;Solar A/S;4;;;www.solar.dk;www.se.com;Banemarksvej 80;2605;Broendbyvester;;denmark;
1012153;Solar A/S;4;;;www.solar.dk;www.se.com;Damgade 71;6400;Soenderborg;;denmark;
1012154;Solar A/S;4;;;www.solar.dk;www.se.com;Haandvaerkervej 13;9000;Aalborg;;denmark;
1012155;Brdr. A&O Johansen A/S;4;;;www.ao.dk;www.se.com;Soenderbro 2 A;9000;Aalborg;;denmark;
