1012084;Brdr. A&O Johansen A/S;4;+4570280000;;www.ao.dk;www.se.com;Nørregade 37;3300;Frederiksværk;;denmark;
1012085;Brdr. A&O Johansen A/S;4;+4570280000;;www.ao.dk;www.se.com;Nørrekobbel 7D;6400;Sønderborg;;denmark;
1012086;Brdr. A&O Johansen A/S;4;+4570280000;;www.ao.dk;www.se.com;Håndværkervænget 20;2670;Greve;;denmark;
1012087;Brdr. A&O Johansen A/S;4;+4570280000;;www.ao.dk;www.se.com;Ravnsøvej 7;8240;Risskov;;denmark;
1012088;Brdr. A&O Johansen A/S;4;+4570280000;;www.ao.dk;www.se.com;Industriparken 1;4100;Ringsted;;denmark;
1012090;Brdr. A&O Johansen A/S;4;+4570280000;;www.ao.dk;www.se.com;Tækkemandsvej 3;4300;Holbæk;;denmark;
1012091;Brdr. A&O Johansen A/S;4;+4570280000;;www.ao.dk;www.se.com;Viborgvej 21 C;7800;Skive;;denmark;
1012092;Brdr. A&O Johansen A/S;4;+4570280000;;www.ao.dk;www.se.com;Kattegatvej 1;6705;Esbjerg Ø;;denmark;
1012093;Brdr. A&O Johansen A/S;4;+4570280000;;www.ao.dk;www.se.com;Prags Boulevard 53;2300;København S;;denmark;
1012094;Brdr. A&O Johansen A/S;4;+4570280000;;www.ao.dk;www.se.com;Lygten 37;2400;København NV;;denmark;
1012096;Brdr. A&O Johansen A/S;4;+4570280000;;www.ao.dk;www.se.com;Mønten 5;6000;Kolding;;denmark;
1012097;Brdr. A&O Johansen A/S;4;+4570280000;;www.ao.dk;www.se.com;Industrivej 16;3000;Helsingør;;denmark;
1012098;Brdr. A&O Johansen A/S;4;+4570280000;;www.ao.dk;www.se.com;Søren Frichs Vej 24;8000;Århus C;;denmark;
1012100;Brdr. A&O Johansen A/S;4;+4570280000;;www.ao.dk;www.se.com;Læsøvej 3;9800;Hjørring;;denmark;
1012101;Brdr. A&O Johansen A/S;4;+4570280000;;www.ao.dk;www.se.com;Norgesvej 41;6100;Haderslev;;denmark;
1012102;Brdr. A&O Johansen A/S;4;+4570280000;;www.ao.dk;www.se.com;Gl. Køge Landevej 362-364;2650;Hvidovre;;denmark;
1012103;Brdr. A&O Johansen A/S;4;+4570280000;;www.ao.dk;www.se.com;Holsted Park 6;4700;Næstved;;denmark;
1012104;Brdr. A&O Johansen A/S;4;+4570280000;;www.ao.dk;www.se.com;Ingerslevsgade 54;1705;København V;;denmark;
1012106;Brdr. A&O Johansen A/S;4;+4570280000;;www.ao.dk;www.se.com;Prangervej 143;7000;Fredericia;;denmark;
1012107;Brdr. A&O Johansen A/S;4;+4570280000;;www.ao.dk;www.se.com;Sandemandsvej 10;3700;Rønne;;denmark;
1012108;Brdr. A&O Johansen A/S;4;+4570280000;;www.ao.dk;www.se.com;Krondrevet 1;4760;Vordingborg;;denmark;
1012109;Brdr. A&O Johansen A/S;4;+4570280000;;www.ao.dk;www.se.com;Stagehøjvej 27;8600;Silkeborg;;denmark;
1012110;Brdr. A&O Johansen A/S;4;+4570280000;;www.ao.dk;www.se.com;Lollandsvej 1;7400;Herning;;denmark;
1012111;Brdr. A&O Johansen A/S;4;+4570280000;;www.ao.dk;www.se.com;Herningvej 23;4800;Nykøbing F;;denmark;
1012113;Brdr. A&O Johansen A/S;4;+4570280000;;www.ao.dk;www.se.com;Middelfartvej 8;5000;Odense C;;denmark;
1012114;Brdr. A&O Johansen A/S;4;+4570280000;;www.ao.dk;www.se.com;Ådalsvej 50;2970;Hørsholm;;denmark;
1012117;Brdr. A&O Johansen A/S;4;+4570280000;;www.ao.dk;www.se.com;Herredsvejen 12;3400;Hillerød;;denmark;
1012125;Lemvigh-Müller A/S;4;+4536955555;;www.lemu.dk;www.se.com;Ringen 1;6700;Esbjerg;;denmark;
1012126;Brdr. A&O Johansen A/S;4;+4570280000;;www.ao.dk;www.se.com;Smedevej 4;9500;Hobro;;denmark;
1012127;Lemvigh-Müller A/S;4;+4536955555;;www.lemu.dk;www.se.com;Tomsagervej 4;8230;Aarhus;;denmark;
1012128;Lemvigh-Müller A/S;4;+4536955555;;www.lemu.dk;www.se.com;Tangmosevej 102;4600;Køge;;denmark;
1012129;Lemvigh-Müller A/S;4;+4536955555;;www.lemu.dk;www.se.com;Leopardvej 11;7700;Thisted;;denmark;
1012130;Lemvigh-Müller A/S;4;+4536955555;;www.lemu.dk;www.se.com;Vestre Landevej 69;6800;Varde;;denmark;
1012131;Lemvigh-Müller A/S;4;+4536955555;;www.lemu.dk;www.se.com;Hjørringvej 165;9900;Frederikshavn;;denmark;
1012132;Lemvigh-Müller A/S;4;+4536955555;;www.lemu.dk;www.se.com;Blangstedgårdsvej 23;5220;Odense;;denmark;
1012134;Lemvigh-Müller A/S;4;+4536955555;;www.lemu.dk;www.se.com;Fabersvej 9;7500;Holstebro;;denmark;
1012135;Lemvigh-Müller A/S;4;+4536955555;;www.lemu.dk;www.se.com;Alsgade 90;6400;Sønderborg;;denmark;
1012138;Lemvigh-Müller A/S;4;+4536955555;;www.lemu.dk;www.se.com;Nordager 3;6000;Kolding;;denmark;
1012140;Lemvigh-Müller A/S;4;+4536955555;;www.lemu.dk;www.se.com;Tronholmen 14;8960;Randers;;denmark;
1012141;Lemvigh-Müller A/S;4;+4536955555;;www.lemu.dk;www.se.com;Teglholmsgade 25;2450;City;;denmark;
1012142;Lemvigh-Müller A/S;4;+4536955555;;www.lemu.dk;www.se.com;Brunde Vest 14B;6230;Rødekro;;denmark;
1012145;Lemvigh-Müller A/S;4;+4536955555;;www.lemu.dk;www.se.com;Ndr. Ringvej 20-24;5700;Svendborg;;denmark;
1012148;Brdr. A&O Johansen A/S;4;+4570280000;;www.ao.dk;www.se.com;Næstmark 21;6200;Aabenraa;;denmark;
1012156;Brdr. A&O Johansen A/S;4;+4570280000;;www.ao.dk;www.se.com;Sydmarken 32C;2860;Søborg;;denmark;
